insert into petshop values
("Puffball","Diane","Hamster","f","1999-03-03",null),
("Claws","Gwen","Cat","m","1994-03-17",null),
("Fluffy","Harold","Cat","f","1993-02-04",null),

Data yang saya masukan
("Buffy","Harold","Dog","f","1989-05-13",null),
("Fang","Benny","Dog","m","1990-08-27",null),
("Bowser","Diane","Dog","m","1989-08-31","1995-07-29"),
("Chirpy","Gwen","Bird","F","1997-12-09",null),
("Wistler","Gwen","Birdr","null","1997-12-09",null),
("Slim","Benny","Snake","m","1996-04-29",null);


MariaDB [latihan3]> desc petshop;
+---------+-------------+------+-----+---------+-------+
| Field   | Type        | Null | Key | Default | Extra |
+---------+-------------+------+-----+---------+-------+
| name    | varchar(20) | YES  |     | NULL    |       |
| owner   | varchar(20) | YES  |     | NULL    |       |
| species | varchar(25) | YES  |     | NULL    |       |
| sex     | varchar(1)  | YES  |     | NULL    |       |
| birth   | date        | YES  |     | NULL    |       |
| death   | date        | YES  |     | NULL    |       |
+---------+-------------+------+-----+---------+-------+
6 rows in set (0.11 sec)

MariaDB [latihan3]> select *from petshop;
+----------+--------+---------+------+------------+------------+
| name     | owner  | species | sex  | birth      | death      |
+----------+--------+---------+------+------------+------------+
| Puffball | Diane  | Hamster | f    | 1999-03-03 | NULL       |
| Claws    | Gwen   | Cat     | m    | 1994-03-17 | NULL       |
| Fluffy   | Harold | Cat     | f    | 1993-02-04 | NULL       |
| Buffy    | Harold | Dog     | f    | 1989-05-13 | NULL       |
| Fang     | Benny  | Dog     | m    | 1990-08-27 | NULL       |
| Bowser   | Diane  | Dog     | m    | 1989-08-31 | 1995-07-29 |
| Chirpy   | Gwen   | Bird    | F    | 1997-12-09 | NULL       |
| Slim     | Benny  | Snake   | m    | 1996-04-29 | NULL       |
| Wistler  | Gwen   | Bird    | NULL | 1997-12-09 | NULL       |
+----------+--------+---------+------+------------+------------+
9 rows in set (0.00 sec)

MariaDB [latihan3]> select owner,
    -> count(name) as jumlah_hewan from petshop group by owner;
+--------+--------------+
| owner  | jumlah_hewan |
+--------+--------------+
| Benny  |            2 |
| Diane  |            2 |
| Gwen   |            3 |
| Harold |            2 |
+--------+--------------+
4 rows in set (0.00 sec)

MariaDB [latihan3]> select species,
    -> count(species) as jumlah from petshop group by species;
+---------+--------+
| species | jumlah |
+---------+--------+
| Bird    |      2 |
| Cat     |      2 |
| Dog     |      3 |
| Hamster |      1 |
| Snake   |      1 |
+---------+--------+
5 rows in set (0.00 sec)

MariaDB [latihan3]> select species,
    -> sex, count(sex) as jumlah from petshop group by species,
    -> sex having species = "Cat" or species = "Dog";
+---------+------+--------+
| species | sex  | jumlah |
+---------+------+--------+
| Cat     | f    |      1 |
| Cat     | m    |      1 |
| Dog     | f    |      1 |
| Dog     | m    |      2 |
+---------+------+--------+
4 rows in set (0.00 sec)

MariaDB [latihan3]> select *from petshop;
+----------+--------+---------+------+------------+------------+
| name     | owner  | species | sex  | birth      | death      |
+----------+--------+---------+------+------------+------------+
| Puffball | Diane  | Hamster | f    | 1999-03-03 | NULL       |
| Claws    | Gwen   | Cat     | m    | 1994-03-17 | NULL       |
| Fluffy   | Harold | Cat     | f    | 1993-02-04 | NULL       |
| Buffy    | Harold | Dog     | f    | 1989-05-13 | NULL       |
| Fang     | Benny  | Dog     | m    | 1990-08-27 | NULL       |
| Bowser   | Diane  | Dog     | m    | 1989-08-31 | 1995-07-29 |
| Chirpy   | Gwen   | Bird    | F    | 1997-12-09 | NULL       |
| Slim     | Benny  | Snake   | m    | 1996-04-29 | NULL       |
| Wistler  | Gwen   | Bird    | NULL | 1997-12-09 | NULL       |
+----------+--------+---------+------+------------+------------+
9 rows in set (0.00 sec)

MariaDB [latihan3]> select owner,
    -> count(name) as jumlah_hewan from petshop group by owner;
+--------+--------------+
| owner  | jumlah_hewan |
+--------+--------------+
| Benny  |            2 |
| Diane  |            2 |
| Gwen   |            3 |
| Harold |            2 |
+--------+--------------+
4 rows in set (0.00 sec)

MariaDB [latihan3]> select species,
    -> count(species) as jumlah from petshop group by species;
+---------+--------+
| species | jumlah |
+---------+--------+
| Bird    |      2 |
| Cat     |      2 |
| Dog     |      3 |
| Hamster |      1 |
| Snake   |      1 |
+---------+--------+
5 rows in set (0.00 sec)

MariaDB [latihan3]> select sex,
    -> count(sex) as jumlah_jenis_kelamin from petshop group by sex;
+------+----------------------+
| sex  | jumlah_jenis_kelamin |
+------+----------------------+
| NULL |                    0 |
| f    |                    4 |
| m    |                    4 |
+------+----------------------+
3 rows in set (0.00 sec)

MariaDB [latihan3]> select species,sex,
    -> count(sex) as jumlah from petshop group by species,sex;
+---------+------+--------+
| species | sex  | jumlah |
+---------+------+--------+
| Bird    | NULL |      0 |
| Bird    | F    |      1 |
| Cat     | f    |      1 |
| Cat     | m    |      1 |
| Dog     | f    |      1 |
| Dog     | m    |      2 |
| Hamster | f    |      1 |
| Snake   | m    |      1 |
+---------+------+--------+
8 rows in set (0.00 sec)

MariaDB [latihan3]> select species, sex,
    -> count(sex) as jumlah from petshop group by species,
    -> sex having species = "Cat" or species = "Dog";
+---------+------+--------+
| species | sex  | jumlah |
+---------+------+--------+
| Cat     | f    |      1 |
| Cat     | m    |      1 |
| Dog     | f    |      1 |
| Dog     | m    |      2 |
+---------+------+--------+
4 rows in set (0.00 sec)

MariaDB [latihan3]>
